연월,게시글 수
2020-03,1
2020-04,0
2020-05,0
2020-06,0
2020-07,61
2020-08,29
2020-09,12
2020-10,24
2020-11,18
2020-12,34
2021-01,2913
2021-02,3981
2021-03,8847
2021-04,9205
2021-05,7832
2021-06,15731
2021-07,20591
2021-08,18123
2021-09,34518
2021-10,54470
2021-11,57640
2021-12,57328
2022-01,74515
2022-02,55357
2022-03,94189
2022-04,68732
2022-05,72000
2022-06,71428
2022-07,70950
2022-08,63265
2022-09,43884
2022-10,46855
2022-11,42887
2022-12,33069
2023-01,29134
2023-02,37856
2023-03,44197
2023-04,40176
2023-05,36815
2023-06,30093
2023-07,29911
2023-08,34296
2023-09,44730
2023-10,50472
2023-11,40437
2023-12,44298
2024-01,56381
2024-02,60337
2024-03,81923
2024-04,109442
2024-05,54175
2024-06,43566
2024-07,51390
2024-08,44521
2024-09,36234
2024-10,43488
2024-11,43669
2024-12,120723
2025-01,116435
2025-02,64784
2025-03,73863
2025-04,85340
2025-05,112934
2025-06,92332
2025-07,71913
2025-08,66789
2025-09,56894
2025-10,59110
2025-11,53669
2025-12,51523
2026-01,65912
2026-02,75351
2026-03,80809
2026-04,52496
